speaker_id,gender,topics,conv_id,turn,text,length,label,clean_text,age_cat,clean_length
S0189,M,"['computers', 'travelling', 'computer games', 'selling stuff', 'books', 'movies', 'microphone positioning', 'instructions', 'game play. ']",S682,4,no it's just off Google,6,19_29,google,19-29,1
S0189,M,"['computers', 'travelling', 'computer games', 'selling stuff', 'books', 'movies', 'microphone positioning', 'instructions', 'game play. ']",S682,8,well I have to swap over to Windows but I'll,11,19_29,well swap windows,19-29,3
S0189,M,"['computers', 'travelling', 'computer games', 'selling stuff', 'books', 'movies', 'microphone positioning', 'instructions', 'game play. ']",S682,12,it's the Mac operating system,6,19_29,mac operating system,19-29,3
S0192,M,"['computers', 'travelling', 'computer games', 'selling stuff', 'books', 'movies', 'microphone positioning', 'instructions', 'game play. ']",S682,17,"alright <pause dur=""short"" /> never did that <unclear>read that</unclear> then <pause dur=""short"" /> eight pages in <vocal desc=""laugh"" />",8,19_29,alright pause dur short never unclear read unclear pause dur short eight pages vocal desc laugh,19-29,16
S0192,M,"['computers', 'travelling', 'computer games', 'selling stuff', 'books', 'movies', 'microphone positioning', 'instructions', 'game play. ']",S682,21,so the thing when you're travelling and doing so many things you do tend to not read very much,20,19_29,thing travelling many things tend read much,19-29,7
S0189,M,"['computers', 'travelling', 'computer games', 'selling stuff', 'books', 'movies', 'microphone positioning', 'instructions', 'game play. ']",S682,32,got it off Google,4,19_29,got google,19-29,2
S0192,M,"['computers', 'travelling', 'computer games', 'selling stuff', 'books', 'movies', 'microphone positioning', 'instructions', 'game play. ']",S682,33,ah dude your desktop is horrible,6,19_29,ah dude desktop horrible,19-29,4
S0189,M,"['computers', 'travelling', 'computer games', 'selling stuff', 'books', 'movies', 'microphone positioning', 'instructions', 'game play. ']",S682,38,"suppose <pause dur=""short"" /> money <pause dur=""short"" /> money money money",5,19_29,suppose pause dur short money pause dur short money money money,19-29,11
S0192,M,"['computers', 'travelling', 'computer games', 'selling stuff', 'books', 'movies', 'microphone positioning', 'instructions', 'game play. ']",S682,45,you being unorganised?,4,19_29,unorganised,19-29,1
S0192,M,"['computers', 'travelling', 'computer games', 'selling stuff', 'books', 'movies', 'microphone positioning', 'instructions', 'game play. ']",S682,47,"<vocal desc=""laugh"" />",0,19_29,vocal desc laugh,19-29,3
S0189,M,"['computers', 'travelling', 'computer games', 'selling stuff', 'books', 'movies', 'microphone positioning', 'instructions', 'game play. ']",S682,54,mm,1,19_29,mm,19-29,1
S0189,M,"['computers', 'travelling', 'computer games', 'selling stuff', 'books', 'movies', 'microphone positioning', 'instructions', 'game play. ']",S682,58,this is a Mac one or,6,19_29,mac one,19-29,2
S0192,M,"['computers', 'travelling', 'computer games', 'selling stuff', 'books', 'movies', 'microphone positioning', 'instructions', 'game play. ']",S682,59,does it just come free with it?,8,19_29,come free,19-29,2
S0189,M,"['computers', 'travelling', 'computer games', 'selling stuff', 'books', 'movies', 'microphone positioning', 'instructions', 'game play. ']",S682,64,mm,1,19_29,mm,19-29,1
S0192,M,"['computers', 'travelling', 'computer games', 'selling stuff', 'books', 'movies', 'microphone positioning', 'instructions', 'game play. ']",S682,71,"<vocal desc=""laugh"" />",0,19_29,vocal desc laugh,19-29,3
S0192,M,"['computers', 'travelling', 'computer games', 'selling stuff', 'books', 'movies', 'microphone positioning', 'instructions', 'game play. ']",S682,73,"er it's pretty terrible pretty bad <pause dur=""short"" /> you get better quickly though when you play it <pause dur=""short"" /> I'm sure we as long as we get <unclear>okay</unclear> <unclear />",26,19_29,er pretty terrible pretty bad pause dur short get better quickly though play pause dur short sure long get unclear okay unclear unclear,19-29,23
S0189,M,"['computers', 'travelling', 'computer games', 'selling stuff', 'books', 'movies', 'microphone positioning', 'instructions', 'game play. ']",S682,76,that's a shooter,4,19_29,shooter,19-29,1
S0189,M,"['computers', 'travelling', 'computer games', 'selling stuff', 'books', 'movies', 'microphone positioning', 'instructions', 'game play. ']",S682,78,it's quite cool,4,19_29,quite cool,19-29,2
S0192,M,"['computers', 'travelling', 'computer games', 'selling stuff', 'books', 'movies', 'microphone positioning', 'instructions', 'game play. ']",S682,87,cool,1,19_29,cool,19-29,1
S0192,M,"['computers', 'travelling', 'computer games', 'selling stuff', 'books', 'movies', 'microphone positioning', 'instructions', 'game play. ']",S682,91,"it looks a bit crazy <pause dur=""short"" /> that's all good <pause dur=""short"" /> are you sure this isn't Bane's mask?",19,19_29,looks bit crazy pause dur short good pause dur short sure bane mask,19-29,13
S0192,M,"['computers', 'travelling', 'computer games', 'selling stuff', 'books', 'movies', 'microphone positioning', 'instructions', 'game play. ']",S682,93,"so <unclear /> is <trunc>t</trunc> it tiny <pause dur=""short"" /> oh Stonehenge a Brit through and through",12,19_29,unclear trunc trunc tiny pause dur short oh stonehenge brit,19-29,10
S0192,M,"['computers', 'travelling', 'computer games', 'selling stuff', 'books', 'movies', 'microphone positioning', 'instructions', 'game play. ']",S682,97,I think you've been playing this for years haven't you?,13,19_29,think playing years,19-29,3
S0189,M,"['computers', 'travelling', 'computer games', 'selling stuff', 'books', 'movies', 'microphone positioning', 'instructions', 'game play. ']",S682,102,"yeah <pause dur=""short"" /> I'll show you this one quickly here",9,19_29,yeah pause dur short show one quickly,19-29,7
S0192,M,"['computers', 'travelling', 'computer games', 'selling stuff', 'books', 'movies', 'microphone positioning', 'instructions', 'game play. ']",S682,117,"but I mean like <pause dur=""short"" /> what happens if your one breaks and then you'd a backup wouldn't you?",20,19_29,mean like pause dur short happens one breaks backup,19-29,9
S0189,M,"['computers', 'travelling', 'computer games', 'selling stuff', 'books', 'movies', 'microphone positioning', 'instructions', 'game play. ']",S682,126,"yeah <pause dur=""short"" /> that's probably",4,19_29,yeah pause dur short probably,19-29,5
S0189,M,"['computers', 'travelling', 'computer games', 'selling stuff', 'books', 'movies', 'microphone positioning', 'instructions', 'game play. ']",S682,130,"just cos I got that one <pause dur=""short"" /> there's not really any difference to be honest",15,19_29,cos got one pause dur short really difference honest,19-29,9
S0189,M,"['computers', 'travelling', 'computer games', 'selling stuff', 'books', 'movies', 'microphone positioning', 'instructions', 'game play. ']",S682,134,"nothing <pause dur=""short"" /> I just for some reason I wanted a new mouse cos I got bored with that one cos I had it for years",24,19_29,nothing pause dur short reason wanted new mouse cos got bored one cos years,19-29,14
S0192,M,"['computers', 'travelling', 'computer games', 'selling stuff', 'books', 'movies', 'microphone positioning', 'instructions', 'game play. ']",S682,135,"<vocal desc=""laugh"" />",0,19_29,vocal desc laugh,19-29,3
S0189,M,"['computers', 'travelling', 'computer games', 'selling stuff', 'books', 'movies', 'microphone positioning', 'instructions', 'game play. ']",S682,140,yeah it's fine,4,19_29,yeah fine,19-29,2
S0189,M,"['computers', 'travelling', 'computer games', 'selling stuff', 'books', 'movies', 'microphone positioning', 'instructions', 'game play. ']",S682,160,how did they make a film out of it and call it World War Z?,16,19_29,make film call world war z,19-29,6
S0189,M,"['computers', 'travelling', 'computer games', 'selling stuff', 'books', 'movies', 'microphone positioning', 'instructions', 'game play. ']",S682,162,yeah,1,19_29,yeah,19-29,1
S0189,M,"['computers', 'travelling', 'computer games', 'selling stuff', 'books', 'movies', 'microphone positioning', 'instructions', 'game play. ']",S682,164,god the film's crap,5,19_29,god film crap,19-29,3
S0189,M,"['computers', 'travelling', 'computer games', 'selling stuff', 'books', 'movies', 'microphone positioning', 'instructions', 'game play. ']",S682,166,it's just action,4,19_29,action,19-29,1
S0192,M,"['computers', 'travelling', 'computer games', 'selling stuff', 'books', 'movies', 'microphone positioning', 'instructions', 'game play. ']",S682,175,"it's pretty poor yeah <pause dur=""short"" /> I wanted him to read this though cos this is genuinely a good book <pause dur=""short"" /> there's one like they missed out loads of bits that are in this <pause dur=""short"" /> the the zombies in this water doesn't stop them <pause dur=""short"" /> they try like living on islands or like being out on boats and stuff but the zombies just sink and they walk along the seabed <pause dur=""short"" /> and then eventually they find like a chain with an anchor and they start pulling themselves out so like they start like climbing on boats and stuff",95,19_29,pretty poor yeah pause dur short wanted read though cos genuinely good book pause dur short one like missed loads bits pause dur short zombies water stop pause dur short try like living islands like boats stuff zombies sink walk along seabed pause dur short eventually find like chain anchor start pulling like start like climbing boats stuff,19-29,58
S0192,M,"['computers', 'travelling', 'computer games', 'selling stuff', 'books', 'movies', 'microphone positioning', 'instructions', 'game play. ']",S682,183,the speakers are coming <unclear />,5,19_29,speakers coming unclear,19-29,3
S0189,M,"['computers', 'travelling', 'computer games', 'selling stuff', 'books', 'movies', 'microphone positioning', 'instructions', 'game play. ']",S682,188,"I dunno <pause dur=""short"" /> hopefully <vocal desc=""laugh"" /> the thing is now like <unclear>almost just er</unclear>",10,19_29,dunno pause dur short hopefully vocal desc laugh thing like unclear almost er unclear,19-29,14
S0189,M,"['computers', 'travelling', 'computer games', 'selling stuff', 'books', 'movies', 'microphone positioning', 'instructions', 'game play. ']",S682,190,reflects,1,19_29,reflects,19-29,1
S0189,M,"['computers', 'travelling', 'computer games', 'selling stuff', 'books', 'movies', 'microphone positioning', 'instructions', 'game play. ']",S682,200,yeah,1,19_29,yeah,19-29,1
S0192,M,"['computers', 'travelling', 'computer games', 'selling stuff', 'books', 'movies', 'microphone positioning', 'instructions', 'game play. ']",S682,205,alright that's picking up,5,19_29,alright picking,19-29,2
S0189,M,"['computers', 'travelling', 'computer games', 'selling stuff', 'books', 'movies', 'microphone positioning', 'instructions', 'game play. ']",S682,206,"that's good <pause dur=""short"" /> and then pad two pad four can be",11,19_29,good pause dur short pad two pad four,19-29,8
S0192,M,"['computers', 'travelling', 'computer games', 'selling stuff', 'books', 'movies', 'microphone positioning', 'instructions', 'game play. ']",S682,213,yeah cool,2,19_29,yeah cool,19-29,2
S0189,M,"['computers', 'travelling', 'computer games', 'selling stuff', 'books', 'movies', 'microphone positioning', 'instructions', 'game play. ']",S682,214,"but not for that game <pause dur=""short"" /> doesn't seem to be working though <pause dur=""short"" /> woah <pause dur=""short"" /> that was weird <pause dur=""short"" /> erm right <pause dur=""short"" /> need to think about how this works <pause dur=""short"" /> so can be up and down <pause dur=""short"" /> yeah you normally <trunc>p</trunc>play that on these",38,19_29,game pause dur short seem working though pause dur short woah pause dur short weird pause dur short erm right pause dur short need think works pause dur short pause dur short yeah normally trunc p trunc play,19-29,38
S0189,M,"['computers', 'travelling', 'computer games', 'selling stuff', 'books', 'movies', 'microphone positioning', 'instructions', 'game play. ']",S682,216,"A W <pause dur=""short"" /> w A S D or whatever",8,19_29,w pause dur short w whatever,19-29,6
S0189,M,"['computers', 'travelling', 'computer games', 'selling stuff', 'books', 'movies', 'microphone positioning', 'instructions', 'game play. ']",S682,218,<unclear>remember</unclear> these?,2,19_29,unclear remember unclear,19-29,3
S0192,M,"['computers', 'travelling', 'computer games', 'selling stuff', 'books', 'movies', 'microphone positioning', 'instructions', 'game play. ']",S682,223,do you normally play games with the controller then?,10,19_29,normally play games controller,19-29,4
S0189,M,"['computers', 'travelling', 'computer games', 'selling stuff', 'books', 'movies', 'microphone positioning', 'instructions', 'game play. ']",S682,224,what what it can pick up the mouse as the controller that's a bit weird,16,19_29,pick mouse controller bit weird,19-29,5
S0189,M,"['computers', 'travelling', 'computer games', 'selling stuff', 'books', 'movies', 'microphone positioning', 'instructions', 'game play. ']",S682,230,<trunc>go</trunc> that's weird,3,19_29,trunc go trunc weird,19-29,4
S0192,M,"['computers', 'travelling', 'computer games', 'selling stuff', 'books', 'movies', 'microphone positioning', 'instructions', 'game play. ']",S682,241,is it the same version that I know?,9,19_29,version know,19-29,2
S0189,M,"['computers', 'travelling', 'computer games', 'selling stuff', 'books', 'movies', 'microphone positioning', 'instructions', 'game play. ']",S682,248,maybe it'll work maybe it won't,8,19_29,maybe work maybe,19-29,3
S0189,M,"['computers', 'travelling', 'computer games', 'selling stuff', 'books', 'movies', 'microphone positioning', 'instructions', 'game play. ']",S682,254,weeks,1,19_29,weeks,19-29,1
S0192,M,"['computers', 'travelling', 'computer games', 'selling stuff', 'books', 'movies', 'microphone positioning', 'instructions', 'game play. ']",S682,259,do you remember that game you played like Evil something <unclear>Evil Mind</unclear> something,11,19_29,remember game played like evil something unclear evil mind unclear something,19-29,11
S0189,M,"['computers', 'travelling', 'computer games', 'selling stuff', 'books', 'movies', 'microphone positioning', 'instructions', 'game play. ']",S682,266,it was like a <trunc>s</trunc> visualised spreadsheet but a game,9,19_29,like trunc trunc visualised spreadsheet game,19-29,6
S0189,M,"['computers', 'travelling', 'computer games', 'selling stuff', 'books', 'movies', 'microphone positioning', 'instructions', 'game play. ']",S682,268,yeah,1,19_29,yeah,19-29,1
S0192,M,"['computers', 'travelling', 'computer games', 'selling stuff', 'books', 'movies', 'microphone positioning', 'instructions', 'game play. ']",S682,269,"you played <vocal desc=""laugh"" /> it quite a bit",6,19_29,played vocal desc laugh quite bit,19-29,6
S0192,M,"['computers', 'travelling', 'computer games', 'selling stuff', 'books', 'movies', 'microphone positioning', 'instructions', 'game play. ']",S682,273,"<vocal desc=""laugh"" />",0,19_29,vocal desc laugh,19-29,3
S0192,M,"['computers', 'travelling', 'computer games', 'selling stuff', 'books', 'movies', 'microphone positioning', 'instructions', 'game play. ']",S682,283,"<vocal desc=""laugh"" />",0,19_29,vocal desc laugh,19-29,3
S0192,M,"['computers', 'travelling', 'computer games', 'selling stuff', 'books', 'movies', 'microphone positioning', 'instructions', 'game play. ']",S682,285,well this isn't working,5,19_29,well working,19-29,2
S0192,M,"['computers', 'travelling', 'computer games', 'selling stuff', 'books', 'movies', 'microphone positioning', 'instructions', 'game play. ']",S682,293,I like that one as well,6,19_29,like one well,19-29,3
S0189,M,"['computers', 'travelling', 'computer games', 'selling stuff', 'books', 'movies', 'microphone positioning', 'instructions', 'game play. ']",S682,300,erm terabyte it's split up between quite a few things like,12,19_29,erm terabyte split quite things like,19-29,6
S0189,M,"['computers', 'travelling', 'computer games', 'selling stuff', 'books', 'movies', 'microphone positioning', 'instructions', 'game play. ']",S682,308,I don't think it's gonna rain,9,19_29,think gonna rain,19-29,3
S0192,M,"['computers', 'travelling', 'computer games', 'selling stuff', 'books', 'movies', 'microphone positioning', 'instructions', 'game play. ']",S682,311,the dew starts coming out,5,19_29,dew starts coming,19-29,3
S0192,M,"['computers', 'travelling', 'computer games', 'selling stuff', 'books', 'movies', 'microphone positioning', 'instructions', 'game play. ']",S682,313,what are you looking for?,6,19_29,looking,19-29,1
S0189,M,"['computers', 'travelling', 'computer games', 'selling stuff', 'books', 'movies', 'microphone positioning', 'instructions', 'game play. ']",S682,316,"whoops <pause dur=""short"" /> where is it?",5,19_29,whoops pause dur short,19-29,4
S0192,M,"['computers', 'travelling', 'computer games', 'selling stuff', 'books', 'movies', 'microphone positioning', 'instructions', 'game play. ']",S682,319,have you got a WD My Passport one as well?,11,19_29,got wd passport one well,19-29,5
S0189,M,"['computers', 'travelling', 'computer games', 'selling stuff', 'books', 'movies', 'microphone positioning', 'instructions', 'game play. ']",S682,320,"not My <trunc>s</trunc> Passport this is the cheaper one <pause dur=""short"" /> just a WD",11,19_29,trunc trunc passport cheaper one pause dur short wd,19-29,9
S0192,M,"['computers', 'travelling', 'computer games', 'selling stuff', 'books', 'movies', 'microphone positioning', 'instructions', 'game play. ']",S682,323,"hang on a sec <pause dur=""short"" /> once you've done that",9,19_29,hang sec pause dur short done,19-29,6
S0189,M,"['computers', 'travelling', 'computer games', 'selling stuff', 'books', 'movies', 'microphone positioning', 'instructions', 'game play. ']",S682,328,"yeah <pause dur=""short"" /> I think maybe I don't have the the erm other controllers actually enabled <pause dur=""short"" /> ah here we go <pause dur=""short"" /> standard controller <pause dur=""short"" /> standard controller <pause dur=""short"" /> let's try that",27,19_29,yeah pause dur short think maybe erm controllers actually enabled pause dur short ah go pause dur short standard controller pause dur short standard controller pause dur short let try,19-29,30
S0189,M,"['computers', 'travelling', 'computer games', 'selling stuff', 'books', 'movies', 'microphone positioning', 'instructions', 'game play. ']",S682,332,right there you go,4,19_29,right go,19-29,2
S0192,M,"['computers', 'travelling', 'computer games', 'selling stuff', 'books', 'movies', 'microphone positioning', 'instructions', 'game play. ']",S682,337,so what is it in general? can you remember?,11,19_29,general remember,19-29,2
S0189,M,"['computers', 'travelling', 'computer games', 'selling stuff', 'books', 'movies', 'microphone positioning', 'instructions', 'game play. ']",S682,338,just gonna get the wireless keyboard,7,19_29,gonna get wireless keyboard,19-29,4
S0189,M,"['computers', 'travelling', 'computer games', 'selling stuff', 'books', 'movies', 'microphone positioning', 'instructions', 'game play. ']",S682,340,these controllers these controllers are gonna be a pain to remember,12,19_29,controllers controllers gonna pain remember,19-29,5
S0189,M,"['computers', 'travelling', 'computer games', 'selling stuff', 'books', 'movies', 'microphone positioning', 'instructions', 'game play. ']",S682,342,erm right,2,19_29,erm right,19-29,2
S0192,M,"['computers', 'travelling', 'computer games', 'selling stuff', 'books', 'movies', 'microphone positioning', 'instructions', 'game play. ']",S682,343,is this just you against me first?,8,19_29,first,19-29,1
S0192,M,"['computers', 'travelling', 'computer games', 'selling stuff', 'books', 'movies', 'microphone positioning', 'instructions', 'game play. ']",S682,345,Olimar? what is that? oh he's from erm,11,19_29,olimar oh erm,19-29,3
S0189,M,"['computers', 'travelling', 'computer games', 'selling stuff', 'books', 'movies', 'microphone positioning', 'instructions', 'game play. ']",S682,348,"I've got that as well <pause dur=""short"" /> yeah",7,19_29,got well pause dur short yeah,19-29,6
S0189,M,"['computers', 'travelling', 'computer games', 'selling stuff', 'books', 'movies', 'microphone positioning', 'instructions', 'game play. ']",S682,352,"Marth <pause dur=""short"" /> marth <pause dur=""short"" /> yeah he's that's Marth there",9,19_29,marth pause dur short marth pause dur short yeah marth,19-29,10
S0192,M,"['computers', 'travelling', 'computer games', 'selling stuff', 'books', 'movies', 'microphone positioning', 'instructions', 'game play. ']",S682,353,Fox was quite good,4,19_29,fox quite good,19-29,3
S0189,M,"['computers', 'travelling', 'computer games', 'selling stuff', 'books', 'movies', 'microphone positioning', 'instructions', 'game play. ']",S682,354,yeah,1,19_29,yeah,19-29,1
S0192,M,"['computers', 'travelling', 'computer games', 'selling stuff', 'books', 'movies', 'microphone positioning', 'instructions', 'game play. ']",S682,357,mm,1,19_29,mm,19-29,1
S0192,M,"['computers', 'travelling', 'computer games', 'selling stuff', 'books', 'movies', 'microphone positioning', 'instructions', 'game play. ']",S682,359,"right okay <pause dur=""short"" /> try and set them up not too hard",10,19_29,right okay pause dur short try set hard,19-29,8
S0189,M,"['computers', 'travelling', 'computer games', 'selling stuff', 'books', 'movies', 'microphone positioning', 'instructions', 'game play. ']",S682,362,erm,1,19_29,erm,19-29,1
S0192,M,"['computers', 'travelling', 'computer games', 'selling stuff', 'books', 'movies', 'microphone positioning', 'instructions', 'game play. ']",S682,363,you gotta keep beating them up until you can throw em completely off the screen?,17,19_29,gotta keep beating throw em completely screen,19-29,7
S0192,M,"['computers', 'travelling', 'computer games', 'selling stuff', 'books', 'movies', 'microphone positioning', 'instructions', 'game play. ']",S682,365,"that was a good concept <pause dur=""short"" /> er it was like the only game that fighting ever did that",17,19_29,good concept pause dur short er like game fighting ever,19-29,10
S0192,M,"['computers', 'travelling', 'computer games', 'selling stuff', 'books', 'movies', 'microphone positioning', 'instructions', 'game play. ']",S682,369,"and I'm Zelda <pause dur=""short"" /> oh it's jittery",8,19_29,zelda pause dur short oh jittery,19-29,6
S0189,M,"['computers', 'travelling', 'computer games', 'selling stuff', 'books', 'movies', 'microphone positioning', 'instructions', 'game play. ']",S682,380,let's try the different Dolphin,6,19_29,let try different dolphin,19-29,4
S0192,M,"['computers', 'travelling', 'computer games', 'selling stuff', 'books', 'movies', 'microphone positioning', 'instructions', 'game play. ']",S682,381,"yeah I remember having a Dolphin <pause dur=""short"" /> don't tell me you have to set it all up again?",19,19_29,yeah remember dolphin pause dur short tell set,19-29,8
S0189,M,"['computers', 'travelling', 'computer games', 'selling stuff', 'books', 'movies', 'microphone positioning', 'instructions', 'game play. ']",S682,382,"I dunno <pause dur=""short"" /> I just loaded that one maybe that was just a shortcut to the same one",19,19_29,dunno pause dur short loaded one maybe shortcut one,19-29,9
S0189,M,"['computers', 'travelling', 'computer games', 'selling stuff', 'books', 'movies', 'microphone positioning', 'instructions', 'game play. ']",S682,386,"I dunno I probably don't have things set right <pause dur=""short"" /> I don't remember how it's supposed to be",22,19_29,dunno probably things set right pause dur short remember supposed,19-29,10
S0192,M,"['computers', 'travelling', 'computer games', 'selling stuff', 'books', 'movies', 'microphone positioning', 'instructions', 'game play. ']",S682,387,"<vocal desc=""laugh"" />",0,19_29,vocal desc laugh,19-29,3
S0192,M,"['computers', 'travelling', 'computer games', 'selling stuff', 'books', 'movies', 'microphone positioning', 'instructions', 'game play. ']",S682,389,I mean it was running,5,19_29,mean running,19-29,2
S0189,M,"['computers', 'travelling', 'computer games', 'selling stuff', 'books', 'movies', 'microphone positioning', 'instructions', 'game play. ']",S682,390,yeah,1,19_29,yeah,19-29,1
S0189,M,"['computers', 'travelling', 'computer games', 'selling stuff', 'books', 'movies', 'microphone positioning', 'instructions', 'game play. ']",S682,396,"so Dolphin Super Smash Bro Brawl <pause dur=""short"" /> settings",7,19_29,dolphin super smash bro brawl pause dur short settings,19-29,9
S0192,M,"['computers', 'travelling', 'computer games', 'selling stuff', 'books', 'movies', 'microphone positioning', 'instructions', 'game play. ']",S682,397,do you have to set it up differently for every game then?,13,19_29,set differently every game,19-29,4
S0189,M,"['computers', 'travelling', 'computer games', 'selling stuff', 'books', 'movies', 'microphone positioning', 'instructions', 'game play. ']",S682,398,"sometimes yeah <pause dur=""short"" /> I had it set up perfectly but then I changed I updated to the new version and I lost my settings",23,19_29,sometimes yeah pause dur short set perfectly changed updated new version lost settings,19-29,13
S0192,M,"['computers', 'travelling', 'computer games', 'selling stuff', 'books', 'movies', 'microphone positioning', 'instructions', 'game play. ']",S682,399,oh no,2,19_29,oh,19-29,1
S0192,M,"['computers', 'travelling', 'computer games', 'selling stuff', 'books', 'movies', 'microphone positioning', 'instructions', 'game play. ']",S682,401,"skip graphics <pause dur=""short"" /> skip EFB access from CPU",7,19_29,skip graphics pause dur short skip efb access cpu,19-29,9
S0189,M,"['computers', 'travelling', 'computer games', 'selling stuff', 'books', 'movies', 'microphone positioning', 'instructions', 'game play. ']",S682,402,ah where is that?,5,19_29,ah,19-29,1
S0189,M,"['computers', 'travelling', 'computer games', 'selling stuff', 'books', 'movies', 'microphone positioning', 'instructions', 'game play. ']",S682,404,there we go,3,19_29,go,19-29,1
S0189,M,"['computers', 'travelling', 'computer games', 'selling stuff', 'books', 'movies', 'microphone positioning', 'instructions', 'game play. ']",S682,410,no for some reason,4,19_29,reason,19-29,1
S0189,M,"['computers', 'travelling', 'computer games', 'selling stuff', 'books', 'movies', 'microphone positioning', 'instructions', 'game play. ']",S682,418,"yeah I do <pause dur=""short"" /> I got a bunch of games <unclear>too</unclear>",9,19_29,yeah pause dur short got bunch games unclear unclear,19-29,9
S0192,M,"['computers', 'travelling', 'computer games', 'selling stuff', 'books', 'movies', 'microphone positioning', 'instructions', 'game play. ']",S682,423,was it any good?,5,19_29,good,19-29,1
S0192,M,"['computers', 'travelling', 'computer games', 'selling stuff', 'books', 'movies', 'microphone positioning', 'instructions', 'game play. ']",S682,427,I never completed the original one either,7,19_29,never completed original one either,19-29,5
S0192,M,"['computers', 'travelling', 'computer games', 'selling stuff', 'books', 'movies', 'microphone positioning', 'instructions', 'game play. ']",S682,435,"yeah you are <vocal desc=""laugh"" /> we're not against each other are we?",12,19_29,yeah vocal desc laugh,19-29,4
S0192,M,"['computers', 'travelling', 'computer games', 'selling stuff', 'books', 'movies', 'microphone positioning', 'instructions', 'game play. ']",S682,457,"yeah <pause dur=""short"" /> which one's punch?",6,19_29,yeah pause dur short one punch,19-29,6
S0192,M,"['computers', 'travelling', 'computer games', 'selling stuff', 'books', 'movies', 'microphone positioning', 'instructions', 'game play. ']",S682,461,"yeah <pause dur=""short"" /> yeah that's cool <pause dur=""short"" /> what level are these guys on?",12,19_29,yeah pause dur short yeah cool pause dur short level guys,19-29,11
S0192,M,"['computers', 'travelling', 'computer games', 'selling stuff', 'books', 'movies', 'microphone positioning', 'instructions', 'game play. ']",S682,467,I mean you <trunc>me</trunc> <trunc>hi</trunc> you didn't hit me then,9,19_29,mean trunc trunc trunc hi trunc hit,19-29,7
S0192,M,"['computers', 'travelling', 'computer games', 'selling stuff', 'books', 'movies', 'microphone positioning', 'instructions', 'game play. ']",S682,473,"<vocal desc=""laugh"" /> yeah I bet <pause dur=""short"" /> oh I am hitting you <pause dur=""short"" /> sudden death? why?",13,19_29,vocal desc laugh yeah bet pause dur short oh hitting pause dur short sudden death,19-29,15
S0189,M,"['computers', 'travelling', 'computer games', 'selling stuff', 'books', 'movies', 'microphone positioning', 'instructions', 'game play. ']",S682,482,pretty much,2,19_29,pretty much,19-29,2
S0189,M,"['computers', 'travelling', 'computer games', 'selling stuff', 'books', 'movies', 'microphone positioning', 'instructions', 'game play. ']",S682,488,you do have more moves than the original,8,19_29,moves original,19-29,2
S0189,M,"['computers', 'travelling', 'computer games', 'selling stuff', 'books', 'movies', 'microphone positioning', 'instructions', 'game play. ']",S682,492,yeah,1,19_29,yeah,19-29,1
S0189,M,"['computers', 'travelling', 'computer games', 'selling stuff', 'books', 'movies', 'microphone positioning', 'instructions', 'game play. ']",S682,496,and kind of refined,4,19_29,kind refined,19-29,2
S0189,M,"['computers', 'travelling', 'computer games', 'selling stuff', 'books', 'movies', 'microphone positioning', 'instructions', 'game play. ']",S682,502,sure,1,19_29,sure,19-29,1
S0189,M,"['computers', 'travelling', 'computer games', 'selling stuff', 'books', 'movies', 'microphone positioning', 'instructions', 'game play. ']",S682,504,shall we have no bots then?,7,19_29,shall bots,19-29,2
S0189,M,"['computers', 'travelling', 'computer games', 'selling stuff', 'books', 'movies', 'microphone positioning', 'instructions', 'game play. ']",S682,508,let's change this,4,19_29,let change,19-29,2
S0192,M,"['computers', 'travelling', 'computer games', 'selling stuff', 'books', 'movies', 'microphone positioning', 'instructions', 'game play. ']",S682,509,yeah just,2,19_29,yeah,19-29,1
S0189,M,"['computers', 'travelling', 'computer games', 'selling stuff', 'books', 'movies', 'microphone positioning', 'instructions', 'game play. ']",S682,510,five lives,2,19_29,five lives,19-29,2
S0189,M,"['computers', 'travelling', 'computer games', 'selling stuff', 'books', 'movies', 'microphone positioning', 'instructions', 'game play. ']",S682,514,this one's pretty cool,5,19_29,one pretty cool,19-29,3
S0189,M,"['computers', 'travelling', 'computer games', 'selling stuff', 'books', 'movies', 'microphone positioning', 'instructions', 'game play. ']",S682,518,you were a Pokemon but some one of his moves is to swap out for another Pokemon,17,19_29,pokemon one moves swap another pokemon,19-29,6
S0192,M,"['computers', 'travelling', 'computer games', 'selling stuff', 'books', 'movies', 'microphone positioning', 'instructions', 'game play. ']",S682,525,which one's B?,5,19_29,one b,19-29,2
S0192,M,"['computers', 'travelling', 'computer games', 'selling stuff', 'books', 'movies', 'microphone positioning', 'instructions', 'game play. ']",S682,545,"oh <pause dur=""short"" /> what's going on there?",7,19_29,oh pause dur short going,19-29,5
S0192,M,"['computers', 'travelling', 'computer games', 'selling stuff', 'books', 'movies', 'microphone positioning', 'instructions', 'game play. ']",S682,547,it's just shooting above me,6,19_29,shooting,19-29,1
S0192,M,"['computers', 'travelling', 'computer games', 'selling stuff', 'books', 'movies', 'microphone positioning', 'instructions', 'game play. ']",S682,549,how do I shoot with this gun? ah,9,19_29,shoot gun ah,19-29,3
S0192,M,"['computers', 'travelling', 'computer games', 'selling stuff', 'books', 'movies', 'microphone positioning', 'instructions', 'game play. ']",S682,553,oh what the hell just happened there?,8,19_29,oh hell happened,19-29,3
S0189,M,"['computers', 'travelling', 'computer games', 'selling stuff', 'books', 'movies', 'microphone positioning', 'instructions', 'game play. ']",S682,554,it you shot out with a staple and caught on how the hell do you do that?,18,19_29,shot staple caught hell,19-29,4
S0192,M,"['computers', 'travelling', 'computer games', 'selling stuff', 'books', 'movies', 'microphone positioning', 'instructions', 'game play. ']",S682,557,"<vocal desc=""laugh"" /> <pause dur=""short"" /> I forgot how fun this game was <vocal desc=""laugh"" />",7,19_29,vocal desc laugh pause dur short forgot fun game vocal desc laugh,19-29,12
S0189,M,"['computers', 'travelling', 'computer games', 'selling stuff', 'books', 'movies', 'microphone positioning', 'instructions', 'game play. ']",S682,558,yeah it's cool,4,19_29,yeah cool,19-29,2
S0189,M,"['computers', 'travelling', 'computer games', 'selling stuff', 'books', 'movies', 'microphone positioning', 'instructions', 'game play. ']",S682,566,er used to be like we just we'd fight for like ten minutes and like no moves would actually connect cos we'd be dodging everything,27,19_29,er used like fight like ten minutes like moves would actually connect cos dodging everything,19-29,15
S0192,M,"['computers', 'travelling', 'computer games', 'selling stuff', 'books', 'movies', 'microphone positioning', 'instructions', 'game play. ']",S682,569,"woah <pause dur=""short"" /> what the hell happened there?",7,19_29,woah pause dur short hell happened,19-29,6
S0192,M,"['computers', 'travelling', 'computer games', 'selling stuff', 'books', 'movies', 'microphone positioning', 'instructions', 'game play. ']",S682,587,yeah that's the thing you've gotta listen you can't just cut the sound out and then it's goes to another,25,19_29,yeah thing gotta listen cut sound goes another,19-29,8
S0189,M,"['computers', 'travelling', 'computer games', 'selling stuff', 'books', 'movies', 'microphone positioning', 'instructions', 'game play. ']",S682,592,kind of,2,19_29,kind,19-29,1
S0192,M,"['computers', 'travelling', 'computer games', 'selling stuff', 'books', 'movies', 'microphone positioning', 'instructions', 'game play. ']",S682,595,yeah,1,19_29,yeah,19-29,1
S0189,M,"['computers', 'travelling', 'computer games', 'selling stuff', 'books', 'movies', 'microphone positioning', 'instructions', 'game play. ']",S682,598,yeah,1,19_29,yeah,19-29,1
S0192,M,"['computers', 'travelling', 'computer games', 'selling stuff', 'books', 'movies', 'microphone positioning', 'instructions', 'game play. ']",S682,599,"we keep changing <pause dur=""short"" /> I can't really keep up with the way we are on this like I can't",20,19_29,keep changing pause dur short really keep way like,19-29,9
S0189,M,"['computers', 'travelling', 'computer games', 'selling stuff', 'books', 'movies', 'microphone positioning', 'instructions', 'game play. ']",S682,604,"I've got that <pause dur=""short"" /> it's awesome",7,19_29,got pause dur short awesome,19-29,5
S0189,M,"['computers', 'travelling', 'computer games', 'selling stuff', 'books', 'movies', 'microphone positioning', 'instructions', 'game play. ']",S682,606,yeah,1,19_29,yeah,19-29,1
S0192,M,"['computers', 'travelling', 'computer games', 'selling stuff', 'books', 'movies', 'microphone positioning', 'instructions', 'game play. ']",S682,623,"got you that time though <pause dur=""short"" /> I don't really like this Pokemon character though cos they keep changing so I'm kinda learning three characters at once",27,19_29,got time though pause dur short really like pokemon character though cos keep changing kinda learning three characters,19-29,18
S0189,M,"['computers', 'travelling', 'computer games', 'selling stuff', 'books', 'movies', 'microphone positioning', 'instructions', 'game play. ']",S682,630,crazy,1,19_29,crazy,19-29,1
S0192,M,"['computers', 'travelling', 'computer games', 'selling stuff', 'books', 'movies', 'microphone positioning', 'instructions', 'game play. ']",S682,635,"you are using that terrible controller <vocal desc=""laugh"" />",6,19_29,using terrible controller vocal desc laugh,19-29,6
S0189,M,"['computers', 'travelling', 'computer games', 'selling stuff', 'books', 'movies', 'microphone positioning', 'instructions', 'game play. ']",S682,638,"he's no good <pause dur=""short"" /> try Fox",6,19_29,good pause dur short try fox,19-29,6
S0189,M,"['computers', 'travelling', 'computer games', 'selling stuff', 'books', 'movies', 'microphone positioning', 'instructions', 'game play. ']",S682,640,oh yeah just did,4,19_29,oh yeah,19-29,2
S0189,M,"['computers', 'travelling', 'computer games', 'selling stuff', 'books', 'movies', 'microphone positioning', 'instructions', 'game play. ']",S682,644,"that one is cool <pause dur=""short"" /> I'll show you <unclear />",9,19_29,one cool pause dur short show unclear,19-29,7
S0192,M,"['computers', 'travelling', 'computer games', 'selling stuff', 'books', 'movies', 'microphone positioning', 'instructions', 'game play. ']",S682,651,yeah that was cool,4,19_29,yeah cool,19-29,2
S0192,M,"['computers', 'travelling', 'computer games', 'selling stuff', 'books', 'movies', 'microphone positioning', 'instructions', 'game play. ']",S682,655,ah that's <unclear /> but I'm sure you can get it like that,14,19_29,ah unclear sure get like,19-29,5
S0192,M,"['computers', 'travelling', 'computer games', 'selling stuff', 'books', 'movies', 'microphone positioning', 'instructions', 'game play. ']",S682,671,right,1,19_29,right,19-29,1
S0189,M,"['computers', 'travelling', 'computer games', 'selling stuff', 'books', 'movies', 'microphone positioning', 'instructions', 'game play. ']",S682,672,cos you're not playing,5,19_29,cos playing,19-29,2
S0189,M,"['computers', 'travelling', 'computer games', 'selling stuff', 'books', 'movies', 'microphone positioning', 'instructions', 'game play. ']",S682,678,"it was a bit <pause dur=""short"" /> I don't what <trunc>Ento</trunc> <trunc>En</trunc> ah Nintendo were playing at",13,19_29,bit pause dur short trunc ento trunc trunc en trunc ah nintendo playing,19-29,13
S0192,M,"['computers', 'travelling', 'computer games', 'selling stuff', 'books', 'movies', 'microphone positioning', 'instructions', 'game play. ']",S682,679,oh what are they doing next?,7,19_29,oh next,19-29,2
S0192,M,"['computers', 'travelling', 'computer games', 'selling stuff', 'books', 'movies', 'microphone positioning', 'instructions', 'game play. ']",S682,681,it was alright,3,19_29,alright,19-29,1
S0192,M,"['computers', 'travelling', 'computer games', 'selling stuff', 'books', 'movies', 'microphone positioning', 'instructions', 'game play. ']",S682,683,I really like Jet Force Gemini on it,8,19_29,really like jet force gemini,19-29,5
S0192,M,"['computers', 'travelling', 'computer games', 'selling stuff', 'books', 'movies', 'microphone positioning', 'instructions', 'game play. ']",S682,685,that was a cool game,5,19_29,cool game,19-29,2
S0189,M,"['computers', 'travelling', 'computer games', 'selling stuff', 'books', 'movies', 'microphone positioning', 'instructions', 'game play. ']",S682,688,just play that little dog thingy or <unclear />,8,19_29,play little dog thingy unclear,19-29,5
S0189,M,"['computers', 'travelling', 'computer games', 'selling stuff', 'books', 'movies', 'microphone positioning', 'instructions', 'game play. ']",S682,696,<unclear />,1,19_29,unclear,19-29,1
S0189,M,"['computers', 'travelling', 'computer games', 'selling stuff', 'books', 'movies', 'microphone positioning', 'instructions', 'game play. ']",S682,700,we'll see,3,19_29,see,19-29,1
S0189,M,"['computers', 'travelling', 'computer games', 'selling stuff', 'books', 'movies', 'microphone positioning', 'instructions', 'game play. ']",S682,702,you've got a water gun now,7,19_29,got water gun,19-29,3
S0192,M,"['computers', 'travelling', 'computer games', 'selling stuff', 'books', 'movies', 'microphone positioning', 'instructions', 'game play. ']",S682,703,what happened to my old thing where I go up in a <trunc>se</trunc> do you know what I mean when I?,21,19_29,happened old thing go trunc se trunc know mean,19-29,9
S0192,M,"['computers', 'travelling', 'computer games', 'selling stuff', 'books', 'movies', 'microphone positioning', 'instructions', 'game play. ']",S682,707,down and B just changed <unclear>now I've got</unclear>,5,19_29,b changed unclear got unclear,19-29,5
S0189,M,"['computers', 'travelling', 'computer games', 'selling stuff', 'books', 'movies', 'microphone positioning', 'instructions', 'game play. ']",S682,712,play epic guitar solos,4,19_29,play epic guitar solos,19-29,4
S0192,M,"['computers', 'travelling', 'computer games', 'selling stuff', 'books', 'movies', 'microphone positioning', 'instructions', 'game play. ']",S682,713,yeah,1,19_29,yeah,19-29,1
S0189,M,"['computers', 'travelling', 'computer games', 'selling stuff', 'books', 'movies', 'microphone positioning', 'instructions', 'game play. ']",S682,714,oh shit,2,19_29,oh shit,19-29,2
S0189,M,"['computers', 'travelling', 'computer games', 'selling stuff', 'books', 'movies', 'microphone positioning', 'instructions', 'game play. ']",S682,716,yeah,1,19_29,yeah,19-29,1
S0192,M,"['computers', 'travelling', 'computer games', 'selling stuff', 'books', 'movies', 'microphone positioning', 'instructions', 'game play. ']",S682,719,really gotta rely on weapons a little bit,9,19_29,really gotta rely weapons little bit,19-29,6
S0192,M,"['computers', 'travelling', 'computer games', 'selling stuff', 'books', 'movies', 'microphone positioning', 'instructions', 'game play. ']",S682,721,yeah yeah,2,19_29,yeah yeah,19-29,2
S0189,M,"['computers', 'travelling', 'computer games', 'selling stuff', 'books', 'movies', 'microphone positioning', 'instructions', 'game play. ']",S682,724,don't know,3,19_29,know,19-29,1
S0192,M,"['computers', 'travelling', 'computer games', 'selling stuff', 'books', 'movies', 'microphone positioning', 'instructions', 'game play. ']",S682,725,oh what is that <unclear /> doing in? oh,9,19_29,oh unclear oh,19-29,3
S0192,M,"['computers', 'travelling', 'computer games', 'selling stuff', 'books', 'movies', 'microphone positioning', 'instructions', 'game play. ']",S682,727,if you get hit by any one of those you die,11,19_29,get hit one die,19-29,4
S0189,M,"['computers', 'travelling', 'computer games', 'selling stuff', 'books', 'movies', 'microphone positioning', 'instructions', 'game play. ']",S682,728,mm,1,19_29,mm,19-29,1
S0189,M,"['computers', 'travelling', 'computer games', 'selling stuff', 'books', 'movies', 'microphone positioning', 'instructions', 'game play. ']",S682,730,let me see what this does,6,19_29,let see,19-29,2
S0189,M,"['computers', 'travelling', 'computer games', 'selling stuff', 'books', 'movies', 'microphone positioning', 'instructions', 'game play. ']",S682,734,"doesn't seem to do anything <pause dur=""long"" />",6,19_29,seem anything pause dur long,19-29,5
S0192,M,"['computers', 'travelling', 'computer games', 'selling stuff', 'books', 'movies', 'microphone positioning', 'instructions', 'game play. ']",S682,735,"oh crap <pause dur=""short"" /> what happened to me?",7,19_29,oh crap pause dur short happened,19-29,6
S0192,M,"['computers', 'travelling', 'computer games', 'selling stuff', 'books', 'movies', 'microphone positioning', 'instructions', 'game play. ']",S682,739,alright well we're on zero zero so,8,19_29,alright well zero zero,19-29,4
S0189,M,"['computers', 'travelling', 'computer games', 'selling stuff', 'books', 'movies', 'microphone positioning', 'instructions', 'game play. ']",S682,740,"yeah <pause dur=""short"" /> right",2,19_29,yeah pause dur short right,19-29,5
S0189,M,"['computers', 'travelling', 'computer games', 'selling stuff', 'books', 'movies', 'microphone positioning', 'instructions', 'game play. ']",S682,748,did you forget you could do that?,8,19_29,forget could,19-29,2
S0192,M,"['computers', 'travelling', 'computer games', 'selling stuff', 'books', 'movies', 'microphone positioning', 'instructions', 'game play. ']",S682,751,"ah <pause dur=""long"" />",1,19_29,ah pause dur long,19-29,4
S0192,M,"['computers', 'travelling', 'computer games', 'selling stuff', 'books', 'movies', 'microphone positioning', 'instructions', 'game play. ']",S682,753,"<unclear>must've</unclear> run out of fucking ammo <pause dur=""short"" /> ah <pause dur=""short"" /> ah <pause dur=""short"" /> I don't like his little thing I mean it's pointless now I've got one that shoots fire and one that shoots water",32,19_29,unclear must unclear run fucking ammo pause dur short ah pause dur short ah pause dur short like little thing mean pointless got one shoots fire one shoots water,19-29,29
S0192,M,"['computers', 'travelling', 'computer games', 'selling stuff', 'books', 'movies', 'microphone positioning', 'instructions', 'game play. ']",S682,757,"oh no <pause dur=""short"" /> <unclear>he'll run back</unclear>",2,19_29,oh pause dur short unclear run back unclear,19-29,8
S0192,M,"['computers', 'travelling', 'computer games', 'selling stuff', 'books', 'movies', 'microphone positioning', 'instructions', 'game play. ']",S682,759,"yeah <vocal desc=""laugh"" /> yeah",2,19_29,yeah vocal desc laugh yeah,19-29,5
S0192,M,"['computers', 'travelling', 'computer games', 'selling stuff', 'books', 'movies', 'microphone positioning', 'instructions', 'game play. ']",S682,761,fair and square,3,19_29,fair square,19-29,2
S0189,M,"['computers', 'travelling', 'computer games', 'selling stuff', 'books', 'movies', 'microphone positioning', 'instructions', 'game play. ']",S682,770,<unclear>get it sorted</unclear>,0,19_29,unclear get sorted unclear,19-29,4
S0192,M,"['computers', 'travelling', 'computer games', 'selling stuff', 'books', 'movies', 'microphone positioning', 'instructions', 'game play. ']",S682,781,Pikmin I'd like to see that one,8,19_29,pikmin like see one,19-29,4
S0192,M,"['computers', 'travelling', 'computer games', 'selling stuff', 'books', 'movies', 'microphone positioning', 'instructions', 'game play. ']",S682,787,wasn't it what's-his-face that had that? how do you get out of this?,16,19_29,face get,19-29,2
S0192,M,"['computers', 'travelling', 'computer games', 'selling stuff', 'books', 'movies', 'microphone positioning', 'instructions', 'game play. ']",S682,789,"oh look at that rocket boosters <pause dur=""short"" /> ah <pause dur=""short"" /> wow that hurt <pause dur=""long"" /> you just gonna keep doing that yeah?",19,19_29,oh look rocket boosters pause dur short ah pause dur short wow hurt pause dur long gonna keep yeah,19-29,19
S0192,M,"['computers', 'travelling', 'computer games', 'selling stuff', 'books', 'movies', 'microphone positioning', 'instructions', 'game play. ']",S682,791,"woah he grabbed it on his way running that was quite cool <pause dur=""short"" /> oh shit she deflected it <pause dur=""short"" /> oh",18,19_29,woah grabbed way running quite cool pause dur short oh shit deflected pause dur short oh,19-29,16
S0189,M,"['computers', 'travelling', 'computer games', 'selling stuff', 'books', 'movies', 'microphone positioning', 'instructions', 'game play. ']",S682,792,"<vocal desc=""laugh"" /> <pause dur=""short"" /> unlucky",1,19_29,vocal desc laugh pause dur short unlucky,19-29,7
S0192,M,"['computers', 'travelling', 'computer games', 'selling stuff', 'books', 'movies', 'microphone positioning', 'instructions', 'game play. ']",S682,797,"see how how full my thing is <pause dur=""short"" /> it is terrible",10,19_29,see full thing pause dur short terrible,19-29,7
S0192,M,"['computers', 'travelling', 'computer games', 'selling stuff', 'books', 'movies', 'microphone positioning', 'instructions', 'game play. ']",S682,799,"<vocal desc=""laugh"" /> <pause dur=""short"" /> I'm not entirely sure how <pause dur=""short"" /> ooh",7,19_29,vocal desc laugh pause dur short entirely sure pause dur short ooh,19-29,12
S0189,M,"['computers', 'travelling', 'computer games', 'selling stuff', 'books', 'movies', 'microphone positioning', 'instructions', 'game play. ']",S682,806,it's the windmills,4,19_29,windmills,19-29,1
S0189,M,"['computers', 'travelling', 'computer games', 'selling stuff', 'books', 'movies', 'microphone positioning', 'instructions', 'game play. ']",S682,814,<unclear>not yet</unclear>,0,19_29,unclear yet unclear,19-29,3
S0189,M,"['computers', 'travelling', 'computer games', 'selling stuff', 'books', 'movies', 'microphone positioning', 'instructions', 'game play. ']",S682,818,ah man,2,19_29,ah man,19-29,2
S0189,M,"['computers', 'travelling', 'computer games', 'selling stuff', 'books', 'movies', 'microphone positioning', 'instructions', 'game play. ']",S682,820,playing with this keyboard is hard,6,19_29,playing keyboard hard,19-29,3
S0192,M,"['computers', 'travelling', 'computer games', 'selling stuff', 'books', 'movies', 'microphone positioning', 'instructions', 'game play. ']",S682,821,it's fine until you start losing,7,19_29,fine start losing,19-29,3
S0189,M,"['computers', 'travelling', 'computer games', 'selling stuff', 'books', 'movies', 'microphone positioning', 'instructions', 'game play. ']",S682,824,well I fell over,4,19_29,well fell,19-29,2
S0189,M,"['computers', 'travelling', 'computer games', 'selling stuff', 'books', 'movies', 'microphone positioning', 'instructions', 'game play. ']",S682,826,or the ice,3,19_29,ice,19-29,1
S0192,M,"['computers', 'travelling', 'computer games', 'selling stuff', 'books', 'movies', 'microphone positioning', 'instructions', 'game play. ']",S682,829,"<vocal desc=""laugh"" />",0,19_29,vocal desc laugh,19-29,3
S0189,M,"['computers', 'travelling', 'computer games', 'selling stuff', 'books', 'movies', 'microphone positioning', 'instructions', 'game play. ']",S682,830,is that one your down B or something?,9,19_29,one b something,19-29,3
S0189,M,"['computers', 'travelling', 'computer games', 'selling stuff', 'books', 'movies', 'microphone positioning', 'instructions', 'game play. ']",S682,835,"<vocal desc=""laugh"" />",0,19_29,vocal desc laugh,19-29,3
S0192,M,"['computers', 'travelling', 'computer games', 'selling stuff', 'books', 'movies', 'microphone positioning', 'instructions', 'game play. ']",S682,836,"<vocal desc=""laugh"" />",0,19_29,vocal desc laugh,19-29,3
S0189,M,"['computers', 'travelling', 'computer games', 'selling stuff', 'books', 'movies', 'microphone positioning', 'instructions', 'game play. ']",S682,839,what the? how did I go out and you didn't'?,12,19_29,go,19-29,1
S0192,M,"['computers', 'travelling', 'computer games', 'selling stuff', 'books', 'movies', 'microphone positioning', 'instructions', 'game play. ']",S682,852,you like Kirby don't you?,7,19_29,like kirby,19-29,2
S0189,M,"['computers', 'travelling', 'computer games', 'selling stuff', 'books', 'movies', 'microphone positioning', 'instructions', 'game play. ']",S682,855,let's try it,4,19_29,let try,19-29,2
S0189,M,"['computers', 'travelling', 'computer games', 'selling stuff', 'books', 'movies', 'microphone positioning', 'instructions', 'game play. ']",S682,857,that's not Star Fox,5,19_29,star fox,19-29,2
S0192,M,"['computers', 'travelling', 'computer games', 'selling stuff', 'books', 'movies', 'microphone positioning', 'instructions', 'game play. ']",S682,864,shit,1,19_29,shit,19-29,1
S0189,M,"['computers', 'travelling', 'computer games', 'selling stuff', 'books', 'movies', 'microphone positioning', 'instructions', 'game play. ']",S682,865,look out,2,19_29,look,19-29,1
S0189,M,"['computers', 'travelling', 'computer games', 'selling stuff', 'books', 'movies', 'microphone positioning', 'instructions', 'game play. ']",S682,867,"no <pause dur=""short"" /> not my style <pause dur=""long"" />",4,19_29,pause dur short style pause dur long,19-29,7
S0189,M,"['computers', 'travelling', 'computer games', 'selling stuff', 'books', 'movies', 'microphone positioning', 'instructions', 'game play. ']",S682,869,"oh shit <pause dur=""long"" />",2,19_29,oh shit pause dur long,19-29,5
S0192,M,"['computers', 'travelling', 'computer games', 'selling stuff', 'books', 'movies', 'microphone positioning', 'instructions', 'game play. ']",S682,874,"nice <pause dur=""long"" />",1,19_29,nice pause dur long,19-29,4
S0189,M,"['computers', 'travelling', 'computer games', 'selling stuff', 'books', 'movies', 'microphone positioning', 'instructions', 'game play. ']",S682,875,you get some ridiculous game modes on there like you can make the characters ridiculously big,16,19_29,get ridiculous game modes like make characters ridiculously big,19-29,9
S0189,M,"['computers', 'travelling', 'computer games', 'selling stuff', 'books', 'movies', 'microphone positioning', 'instructions', 'game play. ']",S682,883,"er no <pause dur=""short"" /> I don't",5,19_29,er pause dur short,19-29,4
S0189,M,"['computers', 'travelling', 'computer games', 'selling stuff', 'books', 'movies', 'microphone positioning', 'instructions', 'game play. ']",S682,887,yeah,1,19_29,yeah,19-29,1
S0189,M,"['computers', 'travelling', 'computer games', 'selling stuff', 'books', 'movies', 'microphone positioning', 'instructions', 'game play. ']",S682,899,"that you just get stopped immediately <pause dur=""short"" /> it's rubbish",9,19_29,get stopped immediately pause dur short rubbish,19-29,7
S0192,M,"['computers', 'travelling', 'computer games', 'selling stuff', 'books', 'movies', 'microphone positioning', 'instructions', 'game play. ']",S682,904,"<vocal desc=""laugh"" /> and I've got three",5,19_29,vocal desc laugh got three,19-29,5
S0192,M,"['computers', 'travelling', 'computer games', 'selling stuff', 'books', 'movies', 'microphone positioning', 'instructions', 'game play. ']",S682,906,yes,1,19_29,yes,19-29,1
S0189,M,"['computers', 'travelling', 'computer games', 'selling stuff', 'books', 'movies', 'microphone positioning', 'instructions', 'game play. ']",S682,911,"yeah <vocal desc=""laugh"" />",1,19_29,yeah vocal desc laugh,19-29,4
S0189,M,"['computers', 'travelling', 'computer games', 'selling stuff', 'books', 'movies', 'microphone positioning', 'instructions', 'game play. ']",S682,919,"<unclear>okay looks good</unclear> <pause dur=""short"" /> do you wanna play that one?",8,19_29,unclear okay looks good unclear pause dur short wanna play one,19-29,11
S0189,M,"['computers', 'travelling', 'computer games', 'selling stuff', 'books', 'movies', 'microphone positioning', 'instructions', 'game play. ']",S682,921,oh Soulcalibur two,3,19_29,oh soulcalibur two,19-29,3
S0192,M,"['computers', 'travelling', 'computer games', 'selling stuff', 'books', 'movies', 'microphone positioning', 'instructions', 'game play. ']",S682,926,"do you remember that old game we used to have? on the I really liked it on the Mega Drive <pause dur=""short"" /> you were like police or something and you were constantly going along the screen like fighting people <pause dur=""short"" /> then you could press a button and like a police car could come in and shoot a bazooka <pause dur=""short"" /> do you remember?",60,19_29,remember old game used really liked mega drive pause dur short like police something constantly going along screen like fighting people pause dur short could press button like police car could come shoot bazooka pause dur short remember,19-29,38
S0189,M,"['computers', 'travelling', 'computer games', 'selling stuff', 'books', 'movies', 'microphone positioning', 'instructions', 'game play. ']",S682,931,yeah,1,19_29,yeah,19-29,1
S0192,M,"['computers', 'travelling', 'computer games', 'selling stuff', 'books', 'movies', 'microphone positioning', 'instructions', 'game play. ']",S682,932,that was a quality game,5,19_29,quality game,19-29,2
S0189,M,"['computers', 'travelling', 'computer games', 'selling stuff', 'books', 'movies', 'microphone positioning', 'instructions', 'game play. ']",S682,933,it was a good game,5,19_29,good game,19-29,2
S0189,M,"['computers', 'travelling', 'computer games', 'selling stuff', 'books', 'movies', 'microphone positioning', 'instructions', 'game play. ']",S682,935,no it's team battle,5,19_29,team battle,19-29,2
S0192,M,"['computers', 'travelling', 'computer games', 'selling stuff', 'books', 'movies', 'microphone positioning', 'instructions', 'game play. ']",S682,936,"cool <pause dur=""short"" /> but now we have a team",7,19_29,cool pause dur short team,19-29,5
S0192,M,"['computers', 'travelling', 'computer games', 'selling stuff', 'books', 'movies', 'microphone positioning', 'instructions', 'game play. ']",S682,944,"yeah it does seem to be <pause dur=""short"" /> duh duh duh duh duh yeah <vocal desc=""laugh"" />",12,19_29,yeah seem pause dur short duh duh duh duh duh yeah vocal desc laugh,19-29,14
S0192,M,"['computers', 'travelling', 'computer games', 'selling stuff', 'books', 'movies', 'microphone positioning', 'instructions', 'game play. ']",S682,946,no are you player four then?,7,19_29,player four,19-29,2
S0189,M,"['computers', 'travelling', 'computer games', 'selling stuff', 'books', 'movies', 'microphone positioning', 'instructions', 'game play. ']",S682,951,it's just on Windows some reason it's wrong,10,19_29,windows reason wrong,19-29,3
S0192,M,"['computers', 'travelling', 'computer games', 'selling stuff', 'books', 'movies', 'microphone positioning', 'instructions', 'game play. ']",S682,954,it was erm that other game you were trying to play wasn't it that wasn't working?,19,19_29,erm game trying play working,19-29,5
S0189,M,"['computers', 'travelling', 'computer games', 'selling stuff', 'books', 'movies', 'microphone positioning', 'instructions', 'game play. ']",S682,961,"<vocal desc=""laugh"" /> that was <pause dur=""short"" /> it didn't get very good reviews <vocal desc=""laugh"" />",9,19_29,vocal desc laugh pause dur short get good reviews vocal desc laugh,19-29,12
S0192,M,"['computers', 'travelling', 'computer games', 'selling stuff', 'books', 'movies', 'microphone positioning', 'instructions', 'game play. ']",S682,966,you could like power up bits of your body couldn't you?,13,19_29,could like power bits body,19-29,5
S0192,M,"['computers', 'travelling', 'computer games', 'selling stuff', 'books', 'movies', 'microphone positioning', 'instructions', 'game play. ']",S682,968,"you had to run around this weird sci-fi institute <pause dur=""short"" /> it was a bit strange",14,19_29,run around weird sci fi institute pause dur short bit strange,19-29,11
S0189,M,"['computers', 'travelling', 'computer games', 'selling stuff', 'books', 'movies', 'microphone positioning', 'instructions', 'game play. ']",S682,969,"yeah but like you were getting shot <pause dur=""short"" /> no for some reason there were no guns or anything like they just",20,19_29,yeah like getting shot pause dur short reason guns anything like,19-29,11
S0192,M,"['computers', 'travelling', 'computer games', 'selling stuff', 'books', 'movies', 'microphone positioning', 'instructions', 'game play. ']",S682,974,oh you in?,4,19_29,oh,19-29,1
S0192,M,"['computers', 'travelling', 'computer games', 'selling stuff', 'books', 'movies', 'microphone positioning', 'instructions', 'game play. ']",S682,980,that's why you boys love it isn't it?,11,19_29,boys love,19-29,2
UNKMULTI,M,"['computers', 'travelling', 'computer games', 'selling stuff', 'books', 'movies', 'microphone positioning', 'instructions', 'game play. ']",S682,982,"<vocal desc=""laugh"" />",0,19_29,vocal desc laugh,19-29,3
S0192,M,"['computers', 'travelling', 'computer games', 'selling stuff', 'books', 'movies', 'microphone positioning', 'instructions', 'game play. ']",S682,983,"go for that then <pause dur=""short"" /> that's how they sold these games anyway",12,19_29,go pause dur short sold games anyway,19-29,7
S0189,M,"['computers', 'travelling', 'computer games', 'selling stuff', 'books', 'movies', 'microphone positioning', 'instructions', 'game play. ']",S682,990,yeah it was cool,4,19_29,yeah cool,19-29,2
S0189,M,"['computers', 'travelling', 'computer games', 'selling stuff', 'books', 'movies', 'microphone positioning', 'instructions', 'game play. ']",S682,1002,quite cool,2,19_29,quite cool,19-29,2
S0189,M,"['computers', 'travelling', 'computer games', 'selling stuff', 'books', 'movies', 'microphone positioning', 'instructions', 'game play. ']",S682,1006,no not like magical moves like that,7,19_29,like magical moves like,19-29,4
S0192,M,"['computers', 'travelling', 'computer games', 'selling stuff', 'books', 'movies', 'microphone positioning', 'instructions', 'game play. ']",S682,1007,"no <pause dur=""short"" /> I always liked Mortal Kombat for that kinda stuff",10,19_29,pause dur short always liked mortal kombat kinda stuff,19-29,9
S0192,M,"['computers', 'travelling', 'computer games', 'selling stuff', 'books', 'movies', 'microphone positioning', 'instructions', 'game play. ']",S682,1009,"I don't seem to be able to do anything <vocal desc=""laugh"" />",10,19_29,seem able anything vocal desc laugh,19-29,6
S0192,M,"['computers', 'travelling', 'computer games', 'selling stuff', 'books', 'movies', 'microphone positioning', 'instructions', 'game play. ']",S682,1011,I don't ever remember playing very well at this game,11,19_29,ever remember playing well game,19-29,5
S0192,M,"['computers', 'travelling', 'computer games', 'selling stuff', 'books', 'movies', 'microphone positioning', 'instructions', 'game play. ']",S682,1019,mm duh duh duh,4,19_29,mm duh duh duh,19-29,4
UNKMULTI,M,"['computers', 'travelling', 'computer games', 'selling stuff', 'books', 'movies', 'microphone positioning', 'instructions', 'game play. ']",S682,1025,"<vocal desc=""laugh"" />",0,19_29,vocal desc laugh,19-29,3
S0192,M,"['computers', 'travelling', 'computer games', 'selling stuff', 'books', 'movies', 'microphone positioning', 'instructions', 'game play. ']",S682,1028,bit strange,2,19_29,bit strange,19-29,2
S0192,M,"['computers', 'travelling', 'computer games', 'selling stuff', 'books', 'movies', 'microphone positioning', 'instructions', 'game play. ']",S682,1030,yeah,1,19_29,yeah,19-29,1
S0192,M,"['computers', 'travelling', 'computer games', 'selling stuff', 'books', 'movies', 'microphone positioning', 'instructions', 'game play. ']",S682,1034,it's weird is he meant to be a snake or something?,13,19_29,weird meant snake something,19-29,4
S0192,M,"['computers', 'travelling', 'computer games', 'selling stuff', 'books', 'movies', 'microphone positioning', 'instructions', 'game play. ']",S682,1036,go on then show me that,6,19_29,go show,19-29,2
UNKMULTI,M,"['computers', 'travelling', 'computer games', 'selling stuff', 'books', 'movies', 'microphone positioning', 'instructions', 'game play. ']",S682,1039,"<vocal desc=""laugh"" />",0,19_29,vocal desc laugh,19-29,3
S0192,M,"['computers', 'travelling', 'computer games', 'selling stuff', 'books', 'movies', 'microphone positioning', 'instructions', 'game play. ']",S682,1040,"what the hell was that? bit of a strange character <pause dur=""short"" /> now I'm finally kicking some ass take this <unclear /> <pause dur=""short"" /> yeah <pause dur=""short"" /> it's got a button mash on this one I think <pause dur=""long"" /> Super Smash Brothers is nice and simple as well isn't it? it's just the up and B down and B left and B <pause dur=""short"" /> does it work if you that woah like double buttons on this thing?",73,19_29,hell bit strange character pause dur short finally kicking ass take unclear pause dur short yeah pause dur short got button mash one think pause dur long super smash brothers nice simple well b b left b pause dur short work woah like double buttons thing,19-29,46
S0192,M,"['computers', 'travelling', 'computer games', 'selling stuff', 'books', 'movies', 'microphone positioning', 'instructions', 'game play. ']",S682,1042,ah I didn't think you were gonna,9,19_29,ah think gonna,19-29,3
S0192,M,"['computers', 'travelling', 'computer games', 'selling stuff', 'books', 'movies', 'microphone positioning', 'instructions', 'game play. ']",S682,1044,what's that little dance he does?,8,19_29,little dance,19-29,2
S0192,M,"['computers', 'travelling', 'computer games', 'selling stuff', 'books', 'movies', 'microphone positioning', 'instructions', 'game play. ']",S682,1048,"you always go through the ground don't you? <pause dur=""long"" /> come down where I can get to you <pause dur=""short"" /> <unclear>what a bugger</unclear> <pause dur=""long"" /> <trunc>f</trunc> hell kinda move is that?",24,19_29,always go ground pause dur long come get pause dur short unclear bugger unclear pause dur long trunc f trunc hell kinda move,19-29,23
S0189,M,"['computers', 'travelling', 'computer games', 'selling stuff', 'books', 'movies', 'microphone positioning', 'instructions', 'game play. ']",S682,1049,"there may be some of this <pause dur=""short"" /> hang on <pause dur=""short"" /> oh",9,19_29,may pause dur short hang pause dur short oh,19-29,9
UNKMULTI,M,"['computers', 'travelling', 'computer games', 'selling stuff', 'books', 'movies', 'microphone positioning', 'instructions', 'game play. ']",S682,1053,"<vocal desc=""laugh"" />",0,19_29,vocal desc laugh,19-29,3
S0192,M,"['computers', 'travelling', 'computer games', 'selling stuff', 'books', 'movies', 'microphone positioning', 'instructions', 'game play. ']",S682,1054,what have you <unclear />?,5,19_29,unclear,19-29,1
S0192,M,"['computers', 'travelling', 'computer games', 'selling stuff', 'books', 'movies', 'microphone positioning', 'instructions', 'game play. ']",S682,1067,"ah <vocal desc=""gasp"" /> <pause dur=""short"" /> terrible <pause dur=""short"" /> right <unclear /> wins <unclear /> but now I'm gonna kick some butt <pause dur=""long"" /> range isn't the problem here <pause dur=""short"" /> he's too slow <pause dur=""long"" />",25,19_29,ah vocal desc gasp pause dur short terrible pause dur short right unclear wins unclear gonna kick butt pause dur long range problem pause dur short slow pause dur long,19-29,30
S0189,M,"['computers', 'travelling', 'computer games', 'selling stuff', 'books', 'movies', 'microphone positioning', 'instructions', 'game play. ']",S682,1068,"oh <unclear>you can shout</unclear> <pause dur=""short"" /> a little bit <pause dur=""short"" /> <vocal desc=""laugh"" /> <pause dur=""short"" /> look",5,19_29,oh unclear shout unclear pause dur short little bit pause dur short vocal desc laugh pause dur short look,19-29,19
S0189,M,"['computers', 'travelling', 'computer games', 'selling stuff', 'books', 'movies', 'microphone positioning', 'instructions', 'game play. ']",S682,1072,"<vocal desc=""laugh"" /> <pause dur=""short"" /> a new challenger <vocal desc=""laugh"" />",3,19_29,vocal desc laugh pause dur short new challenger vocal desc laugh,19-29,11
S0189,M,"['computers', 'travelling', 'computer games', 'selling stuff', 'books', 'movies', 'microphone positioning', 'instructions', 'game play. ']",S682,1074,yeah,1,19_29,yeah,19-29,1
S0192,M,"['computers', 'travelling', 'computer games', 'selling stuff', 'books', 'movies', 'microphone positioning', 'instructions', 'game play. ']",S682,1085,the guy from Metal Gear Solid or something,8,19_29,guy metal gear solid something,19-29,5
S0192,M,"['computers', 'travelling', 'computer games', 'selling stuff', 'books', 'movies', 'microphone positioning', 'instructions', 'game play. ']",S682,1087,we get gay old Link,5,19_29,get gay old link,19-29,4
S0192,M,"['computers', 'travelling', 'computer games', 'selling stuff', 'books', 'movies', 'microphone positioning', 'instructions', 'game play. ']",S682,1103,is she good?,4,19_29,good,19-29,1
S0189,M,"['computers', 'travelling', 'computer games', 'selling stuff', 'books', 'movies', 'microphone positioning', 'instructions', 'game play. ']",S682,1104,"yeah she's gonna kick my arse <pause dur=""short"" /> I dunno what I'm doing",16,19_29,yeah gonna kick arse pause dur short dunno,19-29,8
S0189,M,"['computers', 'travelling', 'computer games', 'selling stuff', 'books', 'movies', 'microphone positioning', 'instructions', 'game play. ']",S682,1114,probably got like sixty percent of the pixel count is probably on boob,13,19_29,probably got like sixty percent pixel count probably boob,19-29,9
S0189,M,"['computers', 'travelling', 'computer games', 'selling stuff', 'books', 'movies', 'microphone positioning', 'instructions', 'game play. ']",S682,1132,"I don't think anything was wrong with it on my side <pause dur=""short"" /> just maybe the game said that it was down",21,19_29,think anything wrong side pause dur short maybe game said,19-29,10
S0189,M,"['computers', 'travelling', 'computer games', 'selling stuff', 'books', 'movies', 'microphone positioning', 'instructions', 'game play. ']",S682,1134,"yeah a problem <vocal desc=""misc"" />",3,19_29,yeah problem vocal desc misc,19-29,5
S0189,M,"['computers', 'travelling', 'computer games', 'selling stuff', 'books', 'movies', 'microphone positioning', 'instructions', 'game play. ']",S682,1143,yeah I'd probably be playing that,7,19_29,yeah probably playing,19-29,3
S0192,M,"['computers', 'travelling', 'computer games', 'selling stuff', 'books', 'movies', 'microphone positioning', 'instructions', 'game play. ']",S682,1156,mm,1,19_29,mm,19-29,1
S0189,M,"['computers', 'travelling', 'computer games', 'selling stuff', 'books', 'movies', 'microphone positioning', 'instructions', 'game play. ']",S682,1161,"yeah it is a bit like Turok in here <pause dur=""short"" /> but like this tiny point is where I am",18,19_29,yeah bit like turok pause dur short like tiny point,19-29,10
S0192,M,"['computers', 'travelling', 'computer games', 'selling stuff', 'books', 'movies', 'microphone positioning', 'instructions', 'game play. ']",S682,1162,yeah the map's pretty big then?,8,19_29,yeah map pretty big,19-29,4
S0189,M,"['computers', 'travelling', 'computer games', 'selling stuff', 'books', 'movies', 'microphone positioning', 'instructions', 'game play. ']",S682,1163,"yeah and there's <pause dur=""short"" /> usually people flying but there's not many people here just <unclear>random</unclear> <pause dur=""short"" /> oh there's much more going here <event desc=""sound of computer"" />",22,19_29,yeah pause dur short usually people flying many people unclear random unclear pause dur short oh much going event desc sound computer,19-29,22
S0192,M,"['computers', 'travelling', 'computer games', 'selling stuff', 'books', 'movies', 'microphone positioning', 'instructions', 'game play. ']",S682,1174,and then you can fire it? oh no way,10,19_29,fire oh way,19-29,3
S0192,M,"['computers', 'travelling', 'computer games', 'selling stuff', 'books', 'movies', 'microphone positioning', 'instructions', 'game play. ']",S682,1176,oh I bet,3,19_29,oh bet,19-29,2
S0192,M,"['computers', 'travelling', 'computer games', 'selling stuff', 'books', 'movies', 'microphone positioning', 'instructions', 'game play. ']",S682,1178,oh that's cool,4,19_29,oh cool,19-29,2
S0189,M,"['computers', 'travelling', 'computer games', 'selling stuff', 'books', 'movies', 'microphone positioning', 'instructions', 'game play. ']",S682,1181,different sights and stuff,4,19_29,different sights stuff,19-29,3
S0192,M,"['computers', 'travelling', 'computer games', 'selling stuff', 'books', 'movies', 'microphone positioning', 'instructions', 'game play. ']",S682,1182,oh,1,19_29,oh,19-29,1
S0189,M,"['computers', 'travelling', 'computer games', 'selling stuff', 'books', 'movies', 'microphone positioning', 'instructions', 'game play. ']",S682,1185,"there's tons of different guns so there's infiltrators which can go invisible <pause dur=""short"" /> light assaults which have a jet pack <unclear /> which can resurrect people",26,19_29,tons different guns infiltrators go invisible pause dur short light assaults jet pack unclear resurrect people,19-29,16
S0189,M,"['computers', 'travelling', 'computer games', 'selling stuff', 'books', 'movies', 'microphone positioning', 'instructions', 'game play. ']",S682,1191,redeploy,1,19_29,redeploy,19-29,1
S0192,M,"['computers', 'travelling', 'computer games', 'selling stuff', 'books', 'movies', 'microphone positioning', 'instructions', 'game play. ']",S682,1194,"right <pause dur=""short"" /> let's get to where the action is <pause dur=""short"" /> there's a lot of firing here <unclear>I know</unclear>",16,19_29,right pause dur short let get action pause dur short lot firing unclear know unclear,19-29,15
S0192,M,"['computers', 'travelling', 'computer games', 'selling stuff', 'books', 'movies', 'microphone positioning', 'instructions', 'game play. ']",S682,1196,these maps are humongous,4,19_29,maps humongous,19-29,2
S0189,M,"['computers', 'travelling', 'computer games', 'selling stuff', 'books', 'movies', 'microphone positioning', 'instructions', 'game play. ']",S682,1199,"and at every <pause dur=""short"" /> oh I've got a sniper rifle now",11,19_29,every pause dur short oh got sniper rifle,19-29,8
S0192,M,"['computers', 'travelling', 'computer games', 'selling stuff', 'books', 'movies', 'microphone positioning', 'instructions', 'game play. ']",S682,1200,ooh,1,19_29,ooh,19-29,1
S0192,M,"['computers', 'travelling', 'computer games', 'selling stuff', 'books', 'movies', 'microphone positioning', 'instructions', 'game play. ']",S682,1204,he can fix things and stuff,6,19_29,fix things stuff,19-29,3
S0192,M,"['computers', 'travelling', 'computer games', 'selling stuff', 'books', 'movies', 'microphone positioning', 'instructions', 'game play. ']",S682,1208,do they keep getting new staff then for the gear?,11,19_29,keep getting new staff gear,19-29,5
S0189,M,"['computers', 'travelling', 'computer games', 'selling stuff', 'books', 'movies', 'microphone positioning', 'instructions', 'game play. ']",S682,1211,"not the whole world but this part is called the Warp Gate and it's <pause dur=""short"" /> we've got one <pause dur=""short"" /> the enemy team have got one <pause dur=""short"" /> and the other enemy team have got one",33,19_29,whole world part called warp gate pause dur short got one pause dur short enemy team got one pause dur short enemy team got one,19-29,25
S0192,M,"['computers', 'travelling', 'computer games', 'selling stuff', 'books', 'movies', 'microphone positioning', 'instructions', 'game play. ']",S682,1222,<unclear /> weapons,2,19_29,unclear weapons,19-29,2
S0189,M,"['computers', 'travelling', 'computer games', 'selling stuff', 'books', 'movies', 'microphone positioning', 'instructions', 'game play. ']",S682,1225,"yeah so <pause dur=""short"" /> this",3,19_29,yeah pause dur short,19-29,4
S0192,M,"['computers', 'travelling', 'computer games', 'selling stuff', 'books', 'movies', 'microphone positioning', 'instructions', 'game play. ']",S682,1226,that that looks cool,4,19_29,looks cool,19-29,2
S0189,M,"['computers', 'travelling', 'computer games', 'selling stuff', 'books', 'movies', 'microphone positioning', 'instructions', 'game play. ']",S682,1229,"I'm get a little fighter <pause dur=""short"" /> and then each faction <trunc>m</trunc> each of the three have got different like vehicles and stuff <pause dur=""short"" /> so this is",24,19_29,get little fighter pause dur short faction trunc trunc three got different like vehicles stuff pause dur short,19-29,18
S0192,M,"['computers', 'travelling', 'computer games', 'selling stuff', 'books', 'movies', 'microphone positioning', 'instructions', 'game play. ']",S682,1230,oh you're straight in one,6,19_29,oh straight one,19-29,3
S0192,M,"['computers', 'travelling', 'computer games', 'selling stuff', 'books', 'movies', 'microphone positioning', 'instructions', 'game play. ']",S682,1232,it's really hard to see,6,19_29,really hard see,19-29,3
S0189,M,"['computers', 'travelling', 'computer games', 'selling stuff', 'books', 'movies', 'microphone positioning', 'instructions', 'game play. ']",S682,1233,"well <pause dur=""short"" /> feels like my game is bugged where's my HUD? <pause dur=""short"" /> I cannot see",16,19_29,well pause dur short feels like game bugged hud pause dur short cannot see,19-29,14
S0189,M,"['computers', 'travelling', 'computer games', 'selling stuff', 'books', 'movies', 'microphone positioning', 'instructions', 'game play. ']",S682,1239,"ah right well I need to have a look at the map <pause dur=""short"" /> I should probably land somewhere <pause dur=""short"" /> woah",18,19_29,ah right well need look map pause dur short probably land somewhere pause dur short woah,19-29,16
S0192,M,"['computers', 'travelling', 'computer games', 'selling stuff', 'books', 'movies', 'microphone positioning', 'instructions', 'game play. ']",S682,1256,could just choose the <unclear>thing</unclear> just choose <unclear>anything</unclear>,6,19_29,could choose unclear thing unclear choose unclear anything unclear,19-29,9
S0192,M,"['computers', 'travelling', 'computer games', 'selling stuff', 'books', 'movies', 'microphone positioning', 'instructions', 'game play. ']",S682,1268,okay,1,19_29,okay,19-29,1
S0192,M,"['computers', 'travelling', 'computer games', 'selling stuff', 'books', 'movies', 'microphone positioning', 'instructions', 'game play. ']",S682,1274,"seriously no good <pause dur=""short"" /> didn't even make it to fight those people",12,19_29,seriously good pause dur short even make fight people,19-29,9
S0192,M,"['computers', 'travelling', 'computer games', 'selling stuff', 'books', 'movies', 'microphone positioning', 'instructions', 'game play. ']",S682,1276,suppose you got part of it there,7,19_29,suppose got part,19-29,3
S0192,M,"['computers', 'travelling', 'computer games', 'selling stuff', 'books', 'movies', 'microphone positioning', 'instructions', 'game play. ']",S682,1278,how good's the sniper on this thing?,9,19_29,good sniper thing,19-29,3
S0192,M,"['computers', 'travelling', 'computer games', 'selling stuff', 'books', 'movies', 'microphone positioning', 'instructions', 'game play. ']",S682,1280,is it fairly easy to kill people with this?,10,19_29,fairly easy kill people,19-29,4
S0192,M,"['computers', 'travelling', 'computer games', 'selling stuff', 'books', 'movies', 'microphone positioning', 'instructions', 'game play. ']",S682,1282,two,1,19_29,two,19-29,1
S0189,M,"['computers', 'travelling', 'computer games', 'selling stuff', 'books', 'movies', 'microphone positioning', 'instructions', 'game play. ']",S682,1285,yeah,1,19_29,yeah,19-29,1
